{
  "0": {
    "state": "RUNNING",
    "stats": {
      "name": "app",
      "uris": [
        "app.domain1.com"
      ],
      "host": "10.10.10.10",
      "port": 61668,
      "uptime": 847607,
      "mem_quota": 268435456,
      "disk_quota": 1073741824,
      "fds_quota": 16384,
      "usage": {
        "time": "2017-11-02T10:14:12.57704619Z",
        "cpu": 0.0013878874984450463,
        "mem": 29171712,
        "disk": 79036416
      }
    }
  }
}